"Municipality","Index","Sensitivity_Slope","MK_P_Value"
"Aandhikhola","ice_days",0,NA
"Aandhikhola","frost_days",-0.138409961685824,0.000231413452974351
"Aandhikhola","cdd",0,0.494166637860777
"Aandhikhola","cwd",-0.0769230769230769,0.610206871199718
"Aandhikhola","r99p",-3.32099764192546,0.0222532822403386
"Aandhikhola","r95p",-5.522364290625,0.0198705821745036
"Aandhikhola","wsdi",-0.119168356997972,0.0145271018731016
"Aandhikhola","csdi",0,0.00666550886886918
"Aandhikhola","sdii",-0.020113373614082,0.0873252685547746
"Aandhikhola","gsl",0,0.586929906794116
"Aandhikhola","r10mm",-0.0357142857142857,0.590199279929912
"Aandhikhola","r20mm",-0.0444444444444444,0.359866796637925
"Aandhikhola","prcptot",-5.48900616111111,0.0561722332837772
"Aarughat","ice_days",0,NA
"Aarughat","frost_days",-0.321091644204852,3.38751587482086e-07
"Aarughat","cdd",0.0555555555555556,0.0508174964023487
"Aarughat","cwd",0.127659574468085,0.347994981535868
"Aarughat","r99p",-2.4068776197028,0.0666768168489871
"Aarughat","r95p",-1.72824531807018,0.358027061193482
"Aarughat","wsdi",0,0.244429785889364
"Aarughat","csdi",0,0.00675944030876478
"Aarughat","sdii",-0.00900012913825758,0.328926207996016
"Aarughat","gsl",0.428571428571429,0.00363741565873709
"Aarughat","r10mm",-0.111111111111111,0.152787269313463
"Aarughat","r20mm",-0.0579831932773109,0.205851760912783
"Aarughat","prcptot",-2.91667227777778,0.180825831582201
"Ajirkot","ice_days",0,0.592989263343429
"Ajirkot","frost_days",-0.25,0.00145425352096378
"Ajirkot","cdd",0.0277777777777778,0.439599368973487
"Ajirkot","cwd",0.283882783882784,0.0414179962327931
"Ajirkot","r99p",-3.26127524142857,0.0139479110734551
"Ajirkot","r95p",-3.12924037413714,0.131130012299558
"Ajirkot","wsdi",0,0.264668612712362
"Ajirkot","csdi",0,0.000412579102655546
"Ajirkot","sdii",-0.0204782128558798,0.0170359606562294
"Ajirkot","gsl",0.225707547169811,0.0112210047510138
"Ajirkot","r10mm",-0.142857142857143,0.0672245381113981
"Ajirkot","r20mm",-0.1,0.0499466765232743
"Ajirkot","prcptot",-4.81396529999999,0.0174822135492395
"Anbukhaireni","ice_days",0,NA
"Anbukhaireni","frost_days",0,0.021282784894802
"Anbukhaireni","cdd",-0.0971675845790716,0.183611297130323
"Anbukhaireni","cwd",-0.350675675675676,0.0236642079681894
"Anbukhaireni","r99p",-0.995921980434783,0.274299534161944
"Anbukhaireni","r95p",-2.61672610269576,0.183949621746182
"Anbukhaireni","wsdi",-0.0727513227513227,0.0674564319503085
"Anbukhaireni","csdi",-0.1,4.44757766729145e-06
"Anbukhaireni","sdii",-0.0356425557248467,0.0134490075254307
"Anbukhaireni","gsl",0,1
"Anbukhaireni","r10mm",-0.105661881977671,0.0785426757993472
"Anbukhaireni","r20mm",-0.0618622448979592,0.159181440980645
"Anbukhaireni","prcptot",-4.37183931548537,0.0309792959443939
"Annapurna","ice_days",-0.322478991596639,0.00150386554429397
"Annapurna","frost_days",-0.227272727272727,0.00444643226986732
"Annapurna","cdd",0.0232558139534884,0.37704576764986
"Annapurna","cwd",0,0.890099921527346
"Annapurna","r99p",-1.26622622142857,0.0695809970408885
"Annapurna","r95p",-2.03241905711575,0.171690936125938
"Annapurna","wsdi",0,0.00445598009807102
"Annapurna","csdi",-0.207221860767729,2.80940497107623e-05
"Annapurna","sdii",-0.0120842901786047,0.106433721856217
"Annapurna","gsl",0.235294117647059,0.00538371446785858
"Annapurna","r10mm",-0.133333333333333,0.0452645142328684
"Annapurna","r20mm",-0.0609152752009895,0.167866577785875
"Annapurna","prcptot",-3.53438114285714,0.0574105043761722
"Arjunchaupari","ice_days",0,NA
"Arjunchaupari","frost_days",-0.105263157894737,0.002083157543343
"Arjunchaupari","cdd",0,0.874628426561027
"Arjunchaupari","cwd",0,0.946816355614221
"Arjunchaupari","r99p",-3.15917036566023,0.0321018065528254
"Arjunchaupari","r95p",-6.07074654800665,0.0219816983124856
"Arjunchaupari","wsdi",-0.114519906323185,0.0168077137884129
"Arjunchaupari","csdi",0,0.0117679670573839
"Arjunchaupari","sdii",-0.0219053841609977,0.0909075786580637
"Arjunchaupari","gsl",0,0.786962114290314
"Arjunchaupari","r10mm",-0.0384615384615385,0.471474204829923
"Arjunchaupari","r20mm",-0.0650449497620307,0.244475643098015
"Arjunchaupari","prcptot",-5.74047442890503,0.0586713902026402
"Badigad","ice_days",0,0.122980855422317
"Badigad","frost_days",-0.2,0.00759818611741894
"Badigad","cdd",0,0.969549455351347
"Badigad","cwd",-0.133333333333333,0.347914737128419
"Badigad","r99p",0.46144109375,0.517058689951308
"Badigad","r95p",-0.165204938254716,0.920337123516097
"Badigad","wsdi",0,0.221088000997414
"Badigad","csdi",-0.139767441860465,0.000115636145112054
"Badigad","sdii",-0.00617259487009804,0.415438985650341
"Badigad","gsl",0.0975609756097561,0.0397407895181166
"Badigad","r10mm",0,0.804146873082086
"Badigad","r20mm",0,0.815138608006589
"Badigad","prcptot",-0.762644299719892,0.756901747948838
"Baglung","ice_days",0,NA
"Baglung","frost_days",-0.285714285714286,6.48698656730273e-05
"Baglung","cdd",0.0333333333333333,0.364685546446934
"Baglung","cwd",0.0588235294117647,0.554555519094798
"Baglung","r99p",-1.27748107644231,0.301356569168861
"Baglung","r95p",-2.41577297398374,0.168724032590524
"Baglung","wsdi",0,0.0966046967588554
"Baglung","csdi",0,0.00766155952243899
"Baglung","sdii",-0.0146376448521552,0.110626658174605
"Baglung","gsl",0,0.133978705626698
"Baglung","r10mm",-0.05,0.425886828778933
"Baglung","r20mm",-0.0416666666666667,0.380066220889529
"Baglung","prcptot",-3.9827301445122,0.126336328995083
"Bandipur","ice_days",0,NA
"Bandipur","frost_days",0,0.501236527817822
"Bandipur","cdd",-0.166666666666667,0.00658708811531079
"Bandipur","cwd",-0.18983268983269,0.200026686370011
"Bandipur","r99p",-1.72451015314465,0.116883323739923
"Bandipur","r95p",-2.89800014607539,0.110626658174605
"Bandipur","wsdi",-0.113055386488131,0.0456212604633915
"Bandipur","csdi",0,3.58251031663617e-05
"Bandipur","sdii",-0.0354284418965517,0.0111384339990585
"Bandipur","gsl",0,1
"Bandipur","r10mm",-0.0857142857142857,0.151127734240304
"Bandipur","r20mm",-0.0869565217391304,0.0135275587935396
"Bandipur","prcptot",-4.46675769090909,0.0193713105772092
"Bareng","ice_days",0,NA
"Bareng","frost_days",-0.133333333333333,0.00148959269754287
"Bareng","cdd",0.0476190476190476,0.211123704635791
"Bareng","cwd",-0.129733520336606,0.350493081105478
"Bareng","r99p",-0.596447714285718,0.513677711728823
"Bareng","r95p",-2.45746985784483,0.239476144406605
"Bareng","wsdi",0,0.0746013395072788
"Bareng","csdi",0,0.00246881744216541
"Bareng","sdii",-0.0125300080594406,0.213878929561951
"Bareng","gsl",0,0.357328643715039
"Bareng","r10mm",0,0.969566765254371
"Bareng","r20mm",-0.0285714285714286,0.479875842676706
"Bareng","prcptot",-2.2058592201417,0.31040254877199
"Barhagaun.Muktikhsetra","ice_days",-0.484090909090909,0.000113826834393143
"Barhagaun.Muktikhsetra","frost_days",-0.158492822966507,0.000836508252576707
"Barhagaun.Muktikhsetra","cdd",0.0909090909090909,0.142039627668978
"Barhagaun.Muktikhsetra","cwd",0.124038461538462,0.310106086383046
"Barhagaun.Muktikhsetra","r99p",-0.264722033979975,0.210802849822743
"Barhagaun.Muktikhsetra","r95p",-0.36028676254902,0.489855401673687
"Barhagaun.Muktikhsetra","wsdi",0,0.000882415066593094
"Barhagaun.Muktikhsetra","csdi",-0.241379310344828,6.67586684397676e-06
"Barhagaun.Muktikhsetra","sdii",-0.00370660288421054,0.378300339556816
"Barhagaun.Muktikhsetra","gsl",0,0.000974087252771661
"Barhagaun.Muktikhsetra","r10mm",0,0.796153879397076
"Barhagaun.Muktikhsetra","r20mm",0,0.847238817110536
"Barhagaun.Muktikhsetra","prcptot",-0.738772185227259,0.267160886402555
"Beni","ice_days",0,0.122980855422317
"Beni","frost_days",-0.346546310832025,4.33859647011709e-05
"Beni","cdd",0.0333333333333333,0.420190234095036
"Beni","cwd",-0.146087398373984,0.279449196457967
"Beni","r99p",-1.41373500438034,0.290382577836038
"Beni","r95p",-2.27286898133971,0.22825303012238
"Beni","wsdi",0,0.46476999823125
"Beni","csdi",-0.1,0.000935435792748182
"Beni","sdii",-0.0151355175367647,0.0873252685547746
"Beni","gsl",0.166666666666667,0.0351440744587476
"Beni","r10mm",-0.0434782608695652,0.442596126506021
"Beni","r20mm",-0.0555555555555556,0.234955199711659
"Beni","prcptot",-3.89518347202798,0.126336328995083
"Besishahar","ice_days",0,NA
"Besishahar","frost_days",-0.153194263363755,0.000707906122142056
"Besishahar","cdd",0,0.901150779430085
"Besishahar","cwd",0.0863354037267081,0.407036524716616
"Besishahar","r99p",-4.10968892784091,0.0174822135492395
"Besishahar","r95p",-7.04417691276347,0.0198705821745036
"Besishahar","wsdi",0,0.151483439473428
"Besishahar","csdi",0,0.023606930708702
"Besishahar","sdii",-0.0266224177598039,0.0439603750444465
"Besishahar","gsl",0,0.511372333248526
"Besishahar","r10mm",0.0689746300211417,0.434321192234853
"Besishahar","r20mm",0,0.859965055560097
"Besishahar","prcptot",-5.32664688333334,0.174696715713458
"Bhanu","ice_days",0,NA
"Bhanu","frost_days",0,0.00224235497122907
"Bhanu","cdd",-0.044281045751634,0.417461376967799
"Bhanu","cwd",-0.0611042183622829,0.692552480487918
"Bhanu","r99p",-3.67389622676768,0.0083809650014742
"Bhanu","r95p",-3.85437682338709,0.074119292798307
"Bhanu","wsdi",-0.0585714285714286,0.0470129495189031
"Bhanu","csdi",0,0.000201532677963364
"Bhanu","sdii",-0.0241792052663438,0.036558030221737
"Bhanu","gsl",0,0.942774947402695
"Bhanu","r10mm",-0.0794736842105263,0.268579673344849
"Bhanu","r20mm",-0.0966880341880342,0.0988489730843561
"Bhanu","prcptot",-5.329740625,0.0383012216356462
"Bhimad","ice_days",0,NA
"Bhimad","frost_days",0,0.0655139518673336
"Bhimad","cdd",-0.0274024024024024,0.53541112106718
"Bhimad","cwd",-0.208817829457364,0.106264393611495
"Bhimad","r99p",-3.30586083558673,0.040837386128621
"Bhimad","r95p",-3.90233099158497,0.117159392819052
"Bhimad","wsdi",-0.0933866279069767,0.0288166173155411
"Bhimad","csdi",0,0.00502923217988938
"Bhimad","sdii",-0.0324460356065469,0.0193713105772092
"Bhimad","gsl",0,1
"Bhimad","r10mm",-0.0653955808980756,0.229428682585311
"Bhimad","r20mm",-0.0882352941176471,0.04716290659394
"Bhimad","prcptot",-5.39772087177987,0.050309810536625
"Bhimsen","ice_days",0,NA
"Bhimsen","frost_days",-0.04,0.0136032583588605
"Bhimsen","cdd",0.0430157261794635,0.349916627394081
"Bhimsen","cwd",-0.179907524169819,0.250939510343972
"Bhimsen","r99p",-3.51651898174242,0.0203573038422919
"Bhimsen","r95p",-2.54238804560054,0.213878929561951
"Bhimsen","wsdi",0,0.115013454815686
"Bhimsen","csdi",0,0.000539404412732778
"Bhimsen","sdii",-0.0210917642619047,0.0681558561943504
"Bhimsen","gsl",0,0.791694881744846
"Bhimsen","r10mm",-0.0769230769230769,0.242938587291776
"Bhimsen","r20mm",-0.0298573975044563,0.477392957619065
"Bhimsen","prcptot",-3.15968722591363,0.131130012299558
"Bhirkot","ice_days",0,NA
"Bhirkot","frost_days",-0.0277777777777778,0.00275297691383179
"Bhirkot","cdd",0,0.579617979313671
"Bhirkot","cwd",0,0.973397916178123
"Bhirkot","r99p",-3.50117143424447,0.0235871718824732
"Bhirkot","r95p",-4.8254641683175,0.0821662598527348
"Bhirkot","wsdi",-0.0454545454545455,0.0492191449058088
"Bhirkot","csdi",0,0.0608156468820078
"Bhirkot","sdii",-0.0275742706617647,0.0599551873098111
"Bhirkot","gsl",0,0.942774947402695
"Bhirkot","r10mm",-0.0824829931972789,0.194729599057585
"Bhirkot","r20mm",-0.0789473684210526,0.0949151217962879
"Bhirkot","prcptot",-5.03382303969298,0.0586713902026402
"Bihadi","ice_days",0,NA
"Bihadi","frost_days",-0.03125,0.000645405216427246
"Bihadi","cdd",0.0384615384615385,0.468551716844094
"Bihadi","cwd",-0.064866760168303,0.587048638831428
"Bihadi","r99p",-0.427095775000001,0.526437834666865
"Bihadi","r95p",-3.68614764487179,0.141139179259809
"Bihadi","wsdi",0,0.071684314798697
"Bihadi","csdi",0,0.00235741366518755
"Bihadi","sdii",-0.0266757665729483,0.0696084280989551
"Bihadi","gsl",0,0.942774947402695
"Bihadi","r10mm",-0.0863354037267081,0.191521820767022
"Bihadi","r20mm",-0.0666666666666667,0.208018303478559
"Bihadi","prcptot",-5.03028005555556,0.0821662598527348
"Binayee.Tribeni","ice_days",0,NA
"Binayee.Tribeni","frost_days",0,0.307564941766882
"Binayee.Tribeni","cdd",-0.0714285714285714,0.557873993517599
"Binayee.Tribeni","cwd",-0.263157894736842,0.0579480089824439
"Binayee.Tribeni","r99p",0,0.908278416349332
"Binayee.Tribeni","r95p",-3.08881457824675,0.117159392819052
"Binayee.Tribeni","wsdi",-0.138627450980392,0.0327303236299863
"Binayee.Tribeni","csdi",-0.307692307692308,6.67248010525421e-08
"Binayee.Tribeni","sdii",-0.0397120964903846,0.0198705821745036
"Binayee.Tribeni","gsl",0,1
"Binayee.Tribeni","r10mm",-0.157378740970072,0.0136856309052798
"Binayee.Tribeni","r20mm",-0.133333333333333,0.00504399564228419
"Binayee.Tribeni","prcptot",-5.35649493170426,0.0710863214000788
"Biruwa","ice_days",0,NA
"Biruwa","frost_days",0,0.0493504941172674
"Biruwa","cdd",0,0.612734689538059
"Biruwa","cwd",-0.111111111111111,0.492708495991848
"Biruwa","r99p",-2.55428330769231,0.0631341207801167
"Biruwa","r95p",-4.83299834380953,0.0667283013554522
"Biruwa","wsdi",-0.0923295454545455,0.0497033886740658
"Biruwa","csdi",0,0.0100139327450313
"Biruwa","sdii",-0.0259339470407326,0.052590162074338
"Biruwa","gsl",0,1
"Biruwa","r10mm",-0.0612244897959184,0.333011777568081
"Biruwa","r20mm",-0.0722996515679442,0.0798914584064284
"Biruwa","prcptot",-5.4929144125,0.0449690589950276
"Bulingtar","ice_days",0,NA
"Bulingtar","frost_days",0,0.307564941766882
"Bulingtar","cdd",-0.0631648936170213,0.606825150220307
"Bulingtar","cwd",-0.432183908045977,0.01127212626437
"Bulingtar","r99p",-0.567306008307926,0.384276594003206
"Bulingtar","r95p",-3.28728270407609,0.126336328995083
"Bulingtar","wsdi",-0.0513157894736842,0.0778145341397526
"Bulingtar","csdi",-0.127128427128427,3.23771076619376e-06
"Bulingtar","sdii",-0.0328398031048387,0.0145625593435036
"Bulingtar","gsl",0,1
"Bulingtar","r10mm",-0.181818181818182,0.00335886905374457
"Bulingtar","r20mm",-0.1,0.0157924167919884
"Bulingtar","prcptot",-5.69199186631945,0.0255136236103458
"Bungdikali","ice_days",0,NA
"Bungdikali","frost_days",0,0.307564941766882
"Bungdikali","cdd",-0.0769230769230769,0.409711343263152
"Bungdikali","cwd",-0.373546511627907,0.0203478076879414
"Bungdikali","r99p",-1.6013748553961,0.143654020226114
"Bungdikali","r95p",-3.37904113240741,0.193560553315373
"Bungdikali","wsdi",-0.111111111111111,0.0334370750086745
"Bungdikali","csdi",0,0.000495696743428677
"Bungdikali","sdii",-0.0364452010690045,0.0198705821745036
"Bungdikali","gsl",0,1
"Bungdikali","r10mm",-0.142857142857143,0.0194999503759048
"Bungdikali","r20mm",-0.117647058823529,0.0144435276259984
"Bungdikali","prcptot",-5.68582693328901,0.0420002383308025
"Byas","ice_days",-0.265686274509804,0.0128770059630166
"Byas","frost_days",-0.142857142857143,0.0604179673136066
"Byas","cdd",0,0.908848928175606
"Byas","cwd",0.0782781862745098,0.33566787762194
"Byas","r99p",-1.25232789201452,0.0298312610159963
"Byas","r95p",-1.82679640934066,0.0420002383308025
"Byas","wsdi",0.0909090909090909,0.00398743785897558
"Byas","csdi",-0.13597842835131,0.000204320527212546
"Byas","sdii",-0.0115969914293313,0.0302452854328776
"Byas","gsl",0.192928039702233,0.0140906928583139
"Byas","r10mm",-0.125,0.0359129425228043
"Byas","r20mm",-0.0615384615384615,0.0261696867878135
"Byas","prcptot",-2.13094472619047,0.0586713902026402
"Chame","ice_days",-0.357142857142857,0.000247330146973173
"Chame","frost_days",-0.184697855750487,0.00342337469206046
"Chame","cdd",0.0542997542997543,0.0267926622112654
"Chame","cwd",0.0909090909090909,0.391077540480857
"Chame","r99p",-0.649087915271493,0.383387130018059
"Chame","r95p",-1.7989233053179,0.296970641929341
"Chame","wsdi",0,0.00406080705190402
"Chame","csdi",-0.12,0.000127075409940603
"Chame","sdii",-0.00522374805052878,0.42643306103905
"Chame","gsl",0.178888888888889,0.0133423612739924
"Chame","r10mm",0,0.807805300251467
"Chame","r20mm",-0.0333333333333333,0.46559881365628
"Chame","prcptot",-0.753559683290707,0.623765496851365
"Chapakot","ice_days",0,NA
"Chapakot","frost_days",0,0.00386327647727938
"Chapakot","cdd",-0.103006189213086,0.10512233687229
"Chapakot","cwd",-0.290994623655914,0.0485905917116255
"Chapakot","r99p",-2.40063940544671,0.109539647501572
"Chapakot","r95p",-3.5830003358805,0.157240378457363
"Chapakot","wsdi",-0.0478459778879146,0.0609606585353718
"Chapakot","csdi",0,0.0048708743027204
"Chapakot","sdii",-0.0378430590447154,0.0274567674753821
"Chapakot","gsl",0,1
"Chapakot","r10mm",-0.0909090909090909,0.115612886192051
"Chapakot","r20mm",-0.111111111111111,0.021236858072536
"Chapakot","prcptot",-5.58973317840909,0.0514394103508958
"Chitawan.National.Park","ice_days",0,NA
"Chitawan.National.Park","frost_days",0,0.307564941766882
"Chitawan.National.Park","cdd",-0.041684759009987,0.800680241890226
"Chitawan.National.Park","cwd",-0.321428571428571,0.0183596433707076
"Chitawan.National.Park","r99p",0,0.746604193813052
"Chitawan.National.Park","r95p",-2.83936234869048,0.213878929561951
"Chitawan.National.Park","wsdi",-0.0833333333333333,0.0874123711906174
"Chitawan.National.Park","csdi",-0.4375,1.12786956402027e-08
"Chitawan.National.Park","sdii",-0.0298987396341135,0.0274567674753821
"Chitawan.National.Park","gsl",0,1
"Chitawan.National.Park","r10mm",-0.194783197831978,0.000984786698018562
"Chitawan.National.Park","r20mm",-0.0990196078431373,0.0159239239612407
"Chitawan.National.Park","prcptot",-4.64948768181819,0.0653254599930746
"Chum.Nubri","ice_days",-0.3,0.00451293508802868
"Chum.Nubri","frost_days",-0.129733520336606,0.0129711387697689
"Chum.Nubri","cdd",0.0240998838559814,0.161768426218347
"Chum.Nubri","cwd",0.0863354037267081,0.483599873755365
"Chum.Nubri","r99p",-0.150382845,0.593245099195584
"Chum.Nubri","r95p",-0.288058098913043,0.756901747948838
"Chum.Nubri","wsdi",0,0.015179233538996
"Chum.Nubri","csdi",0,0.00158910870844093
"Chum.Nubri","sdii",-0.000981145226022022,0.867620437793835
"Chum.Nubri","gsl",0.0465367965367965,0.373597308903833
"Chum.Nubri","r10mm",-0.0588235294117647,0.264348128816144
"Chum.Nubri","r20mm",0,0.878359375824062
"Chum.Nubri","prcptot",-0.320168077126099,0.706749926675209
"Dalome","ice_days",-0.45368782161235,0.000371736184456822
"Dalome","frost_days",-0.189655172413793,1.91893877895958e-05
"Dalome","cdd",0.142857142857143,0.152824562662586
"Dalome","cwd",0.2,0.0355892851968763
"Dalome","r99p",0,0.410350500157978
"Dalome","r95p",0.105904959681373,0.793376550707751
"Dalome","wsdi",0.0754985754985755,0.000689815317283359
"Dalome","csdi",-0.142857142857143,0.00376289889423768
"Dalome","sdii",0.00141840513910257,0.692640722736628
"Dalome","gsl",0.149206349206349,0.0643333459013987
"Dalome","r10mm",0,0.788778132015166
"Dalome","r20mm",0,0.81678520450817
"Dalome","prcptot",-0.374519905,0.532715516694611
"Devchuli","ice_days",0,NA
"Devchuli","frost_days",0,0.307564941766882
"Devchuli","cdd",0,0.996198724775254
"Devchuli","cwd",-0.440972222222222,0.00915739820711241
"Devchuli","r99p",0,0.866735105879679
"Devchuli","r95p",-3.12434125892296,0.21038970843476
"Devchuli","wsdi",-0.0815241470979176,0.0752950774212723
"Devchuli","csdi",-0.184210526315789,7.40273267743563e-06
"Devchuli","sdii",-0.032176119954023,0.0309792959443939
"Devchuli","gsl",0,1
"Devchuli","r10mm",-0.169521044992743,0.0197848053097613
"Devchuli","r20mm",-0.136363636363636,0.00111995159810776
"Devchuli","prcptot",-5.07301951666667,0.0561722332837772
"Devghat","ice_days",0,NA
"Devghat","frost_days",0,0.307564941766882
"Devghat","cdd",-0.0794736842105263,0.407011669279823
"Devghat","cwd",-0.5,0.000438232219931988
"Devghat","r99p",0,0.679306991644507
"Devghat","r95p",-2.56204653342593,0.26307652154395
"Devghat","wsdi",-0.0440038684719536,0.0933764247275481
"Devghat","csdi",-0.116666666666667,9.28790735900281e-06
"Devghat","sdii",-0.0339616303695652,0.0134490075254307
"Devghat","gsl",0,1
"Devghat","r10mm",-0.177124183006536,0.00173854959068206
"Devghat","r20mm",-0.0909090909090909,0.0161654109288076
"Devghat","prcptot",-5.32975973286714,0.0165997345169823
"Dharche","ice_days",-0.24390243902439,0.00522729030671349
"Dharche","frost_days",-0.141196013289037,0.0259748095382914
"Dharche","cdd",0.0294117647058824,0.123339896619543
"Dharche","cwd",0.310499609679938,0.0464582134325081
"Dharche","r99p",-1.29829941792763,0.182242226816205
"Dharche","r95p",-1.57642759777986,0.314967613731131
"Dharche","wsdi",0,0.0242954105497449
"Dharche","csdi",0,0.00106217203615934
"Dharche","sdii",-0.00502596604,0.399265579008909
"Dharche","gsl",0.142857142857143,0.0438310263703711
"Dharche","r10mm",-0.0416666666666667,0.390596591180556
"Dharche","r20mm",-0.0186932215234102,0.566762090699458
"Dharche","prcptot",-1.74650490584415,0.239476144406605
"Dhaulagiri","ice_days",-0.418979744936234,0.000198156759945797
"Dhaulagiri","frost_days",-0.130434782608696,0.073093741388313
"Dhaulagiri","cdd",0.0504237288135593,0.165116813409703
"Dhaulagiri","cwd",0.114743308468627,0.401786800812627
"Dhaulagiri","r99p",-0.404321433766232,0.320990396889508
"Dhaulagiri","r95p",-0.528977042307692,0.610352724026125
"Dhaulagiri","wsdi",0,0.00266562579107963
"Dhaulagiri","csdi",-0.0377492877492877,0.0109668120282038
"Dhaulagiri","sdii",-0.00749460383015875,0.157240378457363
"Dhaulagiri","gsl",0.114519906323185,0.114619503867617
"Dhaulagiri","r10mm",-0.0333333333333333,0.513505384187043
"Dhaulagiri","r20mm",0,0.833263183189904
"Dhaulagiri","prcptot",-1.30887737647804,0.255037612945486
"Dhorpatan","ice_days",0,0.260527720536123
"Dhorpatan","frost_days",-0.396688560481664,0.000190466679469218
"Dhorpatan","cdd",0,0.771039382279558
"Dhorpatan","cwd",0.0307765151515152,0.815405271334606
"Dhorpatan","r99p",-0.302015587329545,0.607004685198169
"Dhorpatan","r95p",0.076498226608185,0.965812313217651
"Dhorpatan","wsdi",0,0.424749764571714
"Dhorpatan","csdi",-0.125,0.000616036759595093
"Dhorpatan","sdii",-0.00597460918346595,0.358027061193482
"Dhorpatan","gsl",0.43167701863354,0.0106714123480036
"Dhorpatan","r10mm",0,0.901355127469322
"Dhorpatan","r20mm",0,0.984767908219507
"Dhorpatan","prcptot",-1.10499745588235,0.551648240751253
"Dhorpatan.Hunting.Reserve","ice_days",-0.285714285714286,0.00853016350844247
"Dhorpatan.Hunting.Reserve","frost_days",-0.0978000956480153,0.174233631691358
"Dhorpatan.Hunting.Reserve","cdd",0.100724637681159,0.101080262466499
"Dhorpatan.Hunting.Reserve","cwd",0,0.931630882501179
"Dhorpatan.Hunting.Reserve","r99p",-1.03667582575758,0.130844394454938
"Dhorpatan.Hunting.Reserve","r95p",0.225410071726191,0.837743638683994
"Dhorpatan.Hunting.Reserve","wsdi",0,0.0100312658851945
"Dhorpatan.Hunting.Reserve","csdi",-0.0714285714285714,0.00807656362471694
"Dhorpatan.Hunting.Reserve","sdii",-0.00387447555019303,0.333666846020134
"Dhorpatan.Hunting.Reserve","gsl",0.115384615384615,0.162603739376481
"Dhorpatan.Hunting.Reserve","r10mm",0,0.905097592919846
"Dhorpatan.Hunting.Reserve","r20mm",0.0172413793103448,0.450178783008109
"Dhorpatan.Hunting.Reserve","prcptot",-1.77419043914474,0.126336328995083
"Dordi","ice_days",-0.0659420289855072,0.215245017210178
"Dordi","frost_days",-0.195121951219512,0.00805410891191833
"Dordi","cdd",0.03125,0.269941048813502
"Dordi","cwd",0,0.977191658637577
"Dordi","r99p",-2.86468133877005,0.0145528720132256
"Dordi","r95p",-3.20406308451087,0.0667283013554522
"Dordi","wsdi",0,0.174699085929514
"Dordi","csdi",0,0.000320727619169888
"Dordi","sdii",-0.019110293517316,0.0401145777351176
"Dordi","gsl",0.0776772247360483,0.417923458373321
"Dordi","r10mm",-0.0909090909090909,0.260698879807805
"Dordi","r20mm",-0.1,0.0913314751739313
"Dordi","prcptot",-4.50849844736842,0.052590162074338
"Dudhpokhari","ice_days",0,0.122980855422317
"Dudhpokhari","frost_days",-0.3125,2.92058052812772e-05
"Dudhpokhari","cdd",0.0215078630897317,0.516241897129674
"Dudhpokhari","cwd",0.075046904315197,0.417891746678973
"Dudhpokhari","r99p",-4.1181358348718,0.00771898495640235
"Dudhpokhari","r95p",-3.86869209541723,0.078866303328916
"Dudhpokhari","wsdi",0,0.143963012022157
"Dudhpokhari","csdi",0,0.0021577631221514
"Dudhpokhari","sdii",-0.0299378610714286,0.00971113407067637
"Dudhpokhari","gsl",0.333333333333333,0.0114048103293235
"Dudhpokhari","r10mm",-0.0971675845790716,0.22424246934168
"Dudhpokhari","r20mm",-0.151844532279315,0.018736596907629
"Dudhpokhari","prcptot",-6.24663020173913,0.0138115329432699
"Gaidakot","ice_days",0,NA
"Gaidakot","frost_days",0,0.307564941766882
"Gaidakot","cdd",-0.0256410256410256,0.79695061324132
"Gaidakot","cwd",-0.376024590163934,0.0159331139981247
"Gaidakot","r99p",0,0.946417691159375
"Gaidakot","r95p",-3.24011462744636,0.180825831582201
"Gaidakot","wsdi",-0.0555555555555556,0.116174712642138
"Gaidakot","csdi",-0.21875,2.90164575470744e-07
"Gaidakot","sdii",-0.034594504,0.0165997345169823
"Gaidakot","gsl",0,1
"Gaidakot","r10mm",-0.166666666666667,0.0107689936219222
"Gaidakot","r20mm",-0.145643939393939,0.000798170102673731
"Gaidakot","prcptot",-5.44570453,0.0420002383308025
"Galkot","ice_days",0,NA
"Galkot","frost_days",-0.228571428571429,0.000820291788411476
"Galkot","cdd",0,0.699110499628114
"Galkot","cwd",-0.0571428571428571,0.596811395086045
"Galkot","r99p",-0.132841374067432,0.807959446518217
"Galkot","r95p",-1.79686247444445,0.378300339556816
"Galkot","wsdi",0,0.214103316517965
"Galkot","csdi",-0.105263157894737,0.00107200350180926
"Galkot","sdii",-0.0100891199633459,0.271288646727282
"Galkot","gsl",0.0266714082503556,0.0562461473917733
"Galkot","r10mm",0,0.908859941039262
"Galkot","r20mm",-0.0303030303030303,0.489131904471711
"Galkot","prcptot",-1.42077146428571,0.545300752336463
"Galyang","ice_days",0,NA
"Galyang","frost_days",0,0.0164462226580863
"Galyang","cdd",-0.0666666666666667,0.347768765658314
"Galyang","cwd",-0.0925925925925926,0.548286949576668
"Galyang","r99p",-0.670645055047619,0.498075637223493
"Galyang","r95p",-3.2402072550887,0.275459885158712
"Galyang","wsdi",-0.027046783625731,0.0686332412350606
"Galyang","csdi",0,0.00359363862484175
"Galyang","sdii",-0.0336345806349209,0.0481129153904472
"Galyang","gsl",0,1
"Galyang","r10mm",-0.1,0.147225798173906
"Galyang","r20mm",-0.0963995354239257,0.0366584352970108
"Galyang","prcptot",-5.32954673766234,0.0725898410995801
"Gandaki","ice_days",0,NA
"Gandaki","frost_days",0,0.320804914575631
"Gandaki","cdd",-0.0625,0.333125356418657
"Gandaki","cwd",-0.160190615835777,0.164025356665327
"Gandaki","r99p",-1.02743713021978,0.302950877466997
"Gandaki","r95p",-2.12497836863636,0.343279649132888
"Gandaki","wsdi",-0.0571895424836601,0.0984886253919753
"Gandaki","csdi",-0.116025641025641,8.48379451821222e-07
"Gandaki","sdii",-0.0282692331894841,0.034882896552378
"Gandaki","gsl",0,1
"Gandaki","r10mm",-0.104166666666667,0.128238760967475
"Gandaki","r20mm",-0.0563492063492063,0.205986072966194
"Gandaki","prcptot",-3.25164197321428,0.160054187499226
"Gharapjhong","ice_days",-0.622950819672131,9.21254774512161e-06
"Gharapjhong","frost_days",-0.2,0.000648648273275872
"Gharapjhong","cdd",0.0833333333333333,0.0950931402062471
"Gharapjhong","cwd",-0.0571895424836601,0.657648513162778
"Gharapjhong","r99p",-0.340430234356725,0.374833068894933
"Gharapjhong","r95p",-0.756565128735631,0.353067564345659
"Gharapjhong","wsdi",0,0.00131125012645767
"Gharapjhong","csdi",-0.290191387559809,4.83023568956294e-07
"Gharapjhong","sdii",-0.00720062022909698,0.141139179259809
"Gharapjhong","gsl",0.354502688172043,0.000979284324110237
"Gharapjhong","r10mm",-0.0555555555555556,0.169357097811348
"Gharapjhong","r20mm",0,0.687111182464285
"Gharapjhong","prcptot",-1.1393429375,0.193560553315373
"Ghiring","ice_days",0,NA
"Ghiring","frost_days",0,0.0655139518673336
"Ghiring","cdd",-0.1,0.136978655529801
"Ghiring","cwd",-0.286796536796537,0.0369123782785374
"Ghiring","r99p",-2.91033153229412,0.060240933925716
"Ghiring","r95p",-4.18265520521879,0.110626658174605
"Ghiring","wsdi",-0.0917508417508417,0.0254113665337826
"Ghiring","csdi",0,0.00240490552631766
"Ghiring","sdii",-0.030911873869969,0.0225390222674909
"Ghiring","gsl",0,1
"Ghiring","r10mm",-0.0720779220779221,0.211508255820687
"Ghiring","r20mm",-0.0833333333333333,0.0445513653180624
"Ghiring","prcptot",-5.46480683333334,0.0439603750444465
"Gorkha","ice_days",0,NA
"Gorkha","frost_days",0,0.102101557978908
"Gorkha","cdd",0,0.742099563695797
"Gorkha","cwd",-0.08,0.545194370109732
"Gorkha","r99p",-2.54103738484848,0.053185133658783
"Gorkha","r95p",-2.93614934761905,0.151725463042992
"Gorkha","wsdi",-0.067816091954023,0.0474936486898314
"Gorkha","csdi",0,0.000148271191995483
"Gorkha","sdii",-0.0301465068632298,0.0317285447703559
"Gorkha","gsl",0,1
"Gorkha","r10mm",-0.0909090909090909,0.208152729145674
"Gorkha","r20mm",-0.05,0.340244141415718
"Gorkha","prcptot",-3.58671568552036,0.074119292798307
"Harinas","ice_days",0,NA
"Harinas","frost_days",0,0.154807576988456
"Harinas","cdd",-0.0454545454545455,0.238362131697645
"Harinas","cwd",0.0299107142857143,0.815429954839095
"Harinas","r99p",-3.37785533270677,0.0183834780309925
"Harinas","r95p",-5.69252598534233,0.0429708602346686
"Harinas","wsdi",-0.1,0.0325868719515847
"Harinas","csdi",0,0.0048540856681315
"Harinas","sdii",-0.0242859513231918,0.0401145777351176
"Harinas","gsl",0,1
"Harinas","r10mm",-0.0357598978288633,0.560873942622903
"Harinas","r20mm",-0.0769230769230769,0.12468976736496
"Harinas","prcptot",-5.0036629385965,0.0805025484088228
"Hupsekot","ice_days",0,NA
"Hupsekot","frost_days",0,0.307564941766882
"Hupsekot","cdd",-0.0485837922895358,0.640532495653854
"Hupsekot","cwd",-0.333333333333333,0.059883631850382
"Hupsekot","r99p",0,0.707695914683629
"Hupsekot","r95p",-2.75407886666666,0.22825303012238
"Hupsekot","wsdi",-0.0909090909090909,0.0418802984106925
"Hupsekot","csdi",-0.170012043356082,4.72570378205314e-06
"Hupsekot","sdii",-0.0357366174603174,0.0145625593435036
"Hupsekot","gsl",0,1
"Hupsekot","r10mm",-0.173494983277592,0.0160728998975132
"Hupsekot","r20mm",-0.16,0.00057981706323278
"Hupsekot","prcptot",-5.3630027390633,0.0549562816313856
"Jaimuni","ice_days",0,NA
"Jaimuni","frost_days",-0.147244805781391,0.000977367725648946
"Jaimuni","cdd",0.0542997542997543,0.180063430796157
"Jaimuni","cwd",-0.101020408163265,0.360165221971829
"Jaimuni","r99p",-1.11692489321705,0.333575466035774
"Jaimuni","r95p",-3.15110705813492,0.128715830237111
"Jaimuni","wsdi",-0.00735294117647059,0.0441087863573678
"Jaimuni","csdi",0,0.00498464053919551
"Jaimuni","sdii",-0.0202541364466231,0.078866303328916
"Jaimuni","gsl",0,0.345284060484367
"Jaimuni","r10mm",-0.0609152752009895,0.333198603889182
"Jaimuni","r20mm",-0.0571428571428571,0.242517299896485
"Jaimuni","prcptot",-3.97317732538802,0.110626658174605
"Jaljala","ice_days",0,0.122980855422317
"Jaljala","frost_days",-0.370899470899471,1.72333241662347e-05
"Jaljala","cdd",0.0294117647058824,0.451045982984007
"Jaljala","cwd",-0.0854103343465046,0.517065030244918
"Jaljala","r99p",-1.77931524285714,0.121643587278535
"Jaljala","r95p",-2.67832350157005,0.162905901186667
"Jaljala","wsdi",0,0.326187472561022
"Jaljala","csdi",0,0.0117389128674358
"Jaljala","sdii",-0.014671290530303,0.102367768139327
"Jaljala","gsl",0.297771455666193,0.0135716222089844
"Jaljala","r10mm",-0.0606060606060606,0.337921222419042
"Jaljala","r20mm",-0.0350985221674877,0.39574697560352
"Jaljala","prcptot",-4.1596014968562,0.0838577452606321
"Kaligandagi","ice_days",0,NA
"Kaligandagi","frost_days",0,0.00687500927781876
"Kaligandagi","cdd",-0.067816091954023,0.281268583539233
"Kaligandagi","cwd",0,0.954406776945614
"Kaligandagi","r99p",-0.353338153703704,0.640600742450442
"Kaligandagi","r95p",-3.02027253337398,0.224596592312027
"Kaligandagi","wsdi",-0.0816666666666667,0.0395217060285908
"Kaligandagi","csdi",0,0.00115276395230495
"Kaligandagi","sdii",-0.0267084408989899,0.0710863214000788
"Kaligandagi","gsl",0,1
"Kaligandagi","r10mm",-0.0775240384615385,0.231481910620907
"Kaligandagi","r20mm",-0.0747728860936408,0.080864876397113
"Kaligandagi","prcptot",-4.99125027044025,0.126336328995083
"Kanthekhola","ice_days",0,NA
"Kanthekhola","frost_days",-0.257142857142857,0.000201155628101004
"Kanthekhola","cdd",0.0289915966386555,0.436507544115134
"Kanthekhola","cwd",-0.0336158192090395,0.774962024256293
"Kanthekhola","r99p",-0.956393174338624,0.468918787398011
"Kanthekhola","r95p",-2.50497752571429,0.19684475562266
"Kanthekhola","wsdi",0,0.0768277633802018
"Kanthekhola","csdi",0,0.00483311337891603
"Kanthekhola","sdii",-0.0136795389081633,0.146359098957933
"Kanthekhola","gsl",0,0.0574223230860229
"Kanthekhola","r10mm",-0.0339080459770115,0.535194546029603
"Kanthekhola","r20mm",-0.0548048048048048,0.258458727789318
"Kanthekhola","prcptot",-3.67464947421032,0.171690936125938
"Kawasoti","ice_days",0,NA
"Kawasoti","frost_days",0,0.307564941766882
"Kawasoti","cdd",-0.0555555555555556,0.699572144874422
"Kawasoti","cwd",-0.327868852459016,0.0710243928113057
"Kawasoti","r99p",0,0.896398203959827
"Kawasoti","r95p",-2.80837560544872,0.235692661477026
"Kawasoti","wsdi",-0.0940448113207547,0.0730645899862865
"Kawasoti","csdi",-0.217067307692308,3.1705208669008e-06
"Kawasoti","sdii",-0.0336235808510637,0.0198705821745036
"Kawasoti","gsl",0,1
"Kawasoti","r10mm",-0.158910533910534,0.0166963491479242
"Kawasoti","r20mm",-0.13953488372093,0.00223024509592813
"Kawasoti","prcptot",-5.21856042894056,0.0696084280989551
"Kushma","ice_days",0,NA
"Kushma","frost_days",-0.155555555555556,0.000674059526163184
"Kushma","cdd",0,0.973318707659739
"Kushma","cwd",-0.12012987012987,0.44876533492433
"Kushma","r99p",-2.64356215446428,0.0502872092552851
"Kushma","r95p",-4.52535340446154,0.0537623554346055
"Kushma","wsdi",-0.0198506289308176,0.0255883359213517
"Kushma","csdi",0,0.0209856827657183
"Kushma","sdii",-0.0175765558139535,0.0946071327157391
"Kushma","gsl",0,0.29918649624058
"Kushma","r10mm",0,0.94677652661547
"Kushma","r20mm",-0.0384615384615385,0.462509899770731
"Kushma","prcptot",-5.17775645391705,0.0696084280989551
"Kwholasothar","ice_days",0,0.122980855422317
"Kwholasothar","frost_days",-0.277777777777778,0.000768419275391004
"Kwholasothar","cdd",0,0.988495195913146
"Kwholasothar","cwd",0.0327956989247312,0.695894922638739
"Kwholasothar","r99p",-3.35616575049342,0.0206391112695281
"Kwholasothar","r95p",-8.77620045079365,0.00998280976737949
"Kwholasothar","wsdi",0,0.205564702070709
"Kwholasothar","csdi",0,0.00807913516790744
"Kwholasothar","sdii",-0.0188908581687325,0.128715830237111
"Kwholasothar","gsl",0.32,0.0219265970409989
"Kwholasothar","r10mm",0.0952380952380952,0.254177747100315
"Kwholasothar","r20mm",-0.0188948306595365,0.713569480216271
"Kwholasothar","prcptot",-3.99666635507246,0.26307652154395
"Lomanthang","ice_days",-0.555555555555556,0.000718762561385759
"Lomanthang","frost_days",-0.142857142857143,0.000176960208938436
"Lomanthang","cdd",0.1225,0.350358220296072
"Lomanthang","cwd",0.0357142857142857,0.735075472305094
"Lomanthang","r99p",-0.010365636257893,0.157917216933116
"Lomanthang","r95p",-0.0402876031578948,0.867620437793835
"Lomanthang","wsdi",0.141604010025063,0.000225417326620574
"Lomanthang","csdi",-0.22903981264637,0.00013701845703858
"Lomanthang","sdii",0.00265708190288221,0.448923136665373
"Lomanthang","gsl",0.25,0.00406296025605776
"Lomanthang","r10mm",0,0.690798480723125
"Lomanthang","r20mm",0,0.109205784228485
"Lomanthang","prcptot",-0.480904471,0.420914954039652
"Machhapuchchhre","ice_days",-0.105823068309071,0.181990769652743
"Machhapuchchhre","frost_days",-0.277350427350427,0.00106044691973251
"Machhapuchchhre","cdd",0,0.71592832953532
"Machhapuchchhre","cwd",0.0875478927203065,0.420732265679156
"Machhapuchchhre","r99p",-1.36270659677896,0.147682284539257
"Machhapuchchhre","r95p",-3.62286044540816,0.0725898410995801
"Machhapuchchhre","wsdi",0,0.190033973889234
"Machhapuchchhre","csdi",-0.137254901960784,0.000312204106486248
"Machhapuchchhre","sdii",-0.00908712894444445,0.224596592312027
"Machhapuchchhre","gsl",0.140873015873016,0.174501116585123
"Machhapuchchhre","r10mm",-0.037037037037037,0.541695728401708
"Machhapuchchhre","r20mm",-0.0240998838559814,0.573544283045177
"Machhapuchchhre","prcptot",-3.67846491458333,0.112771494682963
"Madhyabindu","ice_days",0,NA
"Madhyabindu","frost_days",0,0.307564941766882
"Madhyabindu","cdd",-0.0588235294117647,0.610212276067858
"Madhyabindu","cwd",-0.348072562358277,0.0251602699955611
"Madhyabindu","r99p",0,0.870349451775065
"Madhyabindu","r95p",-2.55124208928945,0.271288646727282
"Madhyabindu","wsdi",-0.136363636363636,0.049975087388226
"Madhyabindu","csdi",-0.236068111455108,2.23563646034181e-06
"Madhyabindu","sdii",-0.039310382037037,0.0174822135492395
"Madhyabindu","gsl",0,1
"Madhyabindu","r10mm",-0.166666666666667,0.0229944973280884
"Madhyabindu","r20mm",-0.159090909090909,0.00190277084984432
"Madhyabindu","prcptot",-5.33777295803783,0.0909075786580637
"MadhyaNepal","ice_days",0,NA
"MadhyaNepal","frost_days",-0.04,0.00217976951955446
"MadhyaNepal","cdd",-0.0714285714285714,0.050278273074816
"MadhyaNepal","cwd",0.177598566308244,0.326402218722234
"MadhyaNepal","r99p",-5.00098669474747,0.00692331830953574
"MadhyaNepal","r95p",-8.22911326388889,0.00733596257713155
"MadhyaNepal","wsdi",-0.0344827586206897,0.0671894865335047
"MadhyaNepal","csdi",0,0.00129419623801058
"MadhyaNepal","sdii",-0.027628662244898,0.047045048416145
"MadhyaNepal","gsl",0,0.942774947402695
"MadhyaNepal","r10mm",0.0875959079283888,0.360190678743161
"MadhyaNepal","r20mm",-0.0357142857142857,0.606648095571957
"MadhyaNepal","prcptot",-4.99293854298643,0.154464222097727
"Madi","ice_days",0,NA
"Madi","frost_days",-0.315789473684211,0.000609945697107291
"Madi","cdd",0.0227272727272727,0.231625786613002
"Madi","cwd",0.06125,0.623642135464374
"Madi","r99p",-1.00247340806306,0.283842067444299
"Madi","r95p",-3.18727696461115,0.0909075786580637
"Madi","wsdi",0,0.845239289907621
"Madi","csdi",-0.370257037943696,1.9482295184874e-06
"Madi","sdii",-0.00676794722619045,0.378300339556816
"Madi","gsl",0.311422413793103,0.00773890103374634
"Madi","r10mm",0,0.833876554007196
"Madi","r20mm",-0.0408333333333333,0.318752009737472
"Madi","prcptot",-1.91695460188088,0.378300339556816
"Mahashila","ice_days",0,NA
"Mahashila","frost_days",-0.104166666666667,0.00285114202027878
"Mahashila","cdd",0,0.931553282287548
"Mahashila","cwd",-0.115384615384615,0.412506549749813
"Mahashila","r99p",-2.2458593889553,0.121643587278535
"Mahashila","r95p",-3.82502228992408,0.119403045443199
"Mahashila","wsdi",-0.0148156277436348,0.0513039397511856
"Mahashila","csdi",0,0.00931963804681926
"Mahashila","sdii",-0.0248152089,0.052590162074338
"Mahashila","gsl",0,0.586929906794116
"Mahashila","r10mm",-0.0625,0.34527771268147
"Mahashila","r20mm",-0.0434782608695652,0.359542441835149
"Mahashila","prcptot",-4.93087178605768,0.0891019215755117
"Malika","ice_days",0,0.122980855422317
"Malika","frost_days",-0.262531328320802,0.00267544293401547
"Malika","cdd",0,0.778241895559385
"Malika","cwd",0.0833333333333333,0.583779991761773
"Malika","r99p",0.311081134415583,0.678607533618348
"Malika","r95p",-0.00599416782945673,0.996200219405309
"Malika","wsdi",0,0.240619663969499
"Malika","csdi",-0.125992063492063,0.000528406702992736
"Malika","sdii",-0.00684414456554873,0.399265579008909
"Malika","gsl",0.0434782608695652,0.224775916303476
"Malika","r10mm",0,0.901333559340388
"Malika","r20mm",0,0.636566510667785
"Malika","prcptot",-0.743416548611101,0.756901747948838
"Mangala","ice_days",0,0.122980855422317
"Mangala","frost_days",-0.461538461538462,5.1353641088588e-05
"Mangala","cdd",0,0.792910874983267
"Mangala","cwd",0,0.992396989352158
"Mangala","r99p",0.00478649346153893,0.890074294104229
"Mangala","r95p",-1.39630885,0.448923136665373
"Mangala","wsdi",0,0.687651742945937
"Mangala","csdi",-0.129032258064516,0.00015032502645685
"Mangala","sdii",-0.010945231250774,0.128715830237111
"Mangala","gsl",0.5,0.0103743209196027
"Mangala","r10mm",-0.0419600938967136,0.483361355347719
"Mangala","r20mm",-0.0289915966386555,0.436674706175732
"Mangala","prcptot",-2.33856209592529,0.255037612945486
"Marsyangdi","ice_days",-0.272727272727273,0.00267824220067783
"Marsyangdi","frost_days",-0.108695652173913,0.146014204158762
"Marsyangdi","cdd",0,0.288735742413855
"Marsyangdi","cwd",0.0470653377630122,0.68900163313219
"Marsyangdi","r99p",-2.11749494826087,0.0514164968144146
"Marsyangdi","r95p",-3.22862202,0.100381655630082
"Marsyangdi","wsdi",0,0.00242327079926905
"Marsyangdi","csdi",-0.0229915433403805,0.000114626900727434
"Marsyangdi","sdii",-0.0118098000694118,0.141139179259809
"Marsyangdi","gsl",0.106382978723404,0.135743733306263
"Marsyangdi","r10mm",-0.0363756613756614,0.453859604085831
"Marsyangdi","r20mm",-0.037037037037037,0.486297527766546
"Marsyangdi","prcptot",-3.00154908957219,0.203535216782232
"Modi","ice_days",0,NA
"Modi","frost_days",-0.333333333333333,2.07381820462207e-05
"Modi","cdd",0,0.500242058953192
"Modi","cwd",0,0.882579965589186
"Modi","r99p",-1.60521895735294,0.143691592599947
"Modi","r95p",-3.31113897582418,0.0927425468235124
"Modi","wsdi",0,0.0859050063144576
"Modi","csdi",0,0.0194713417934272
"Modi","sdii",-0.0142179340921052,0.128715830237111
"Modi","gsl",0.127016129032258,0.0708953823563907
"Modi","r10mm",-0.0404081632653061,0.563997012335594
"Modi","r20mm",-0.0476190476190476,0.328164430277651
"Modi","prcptot",-4.65039037536232,0.0561722332837772
"Myagde","ice_days",0,NA
"Myagde","frost_days",0,0.138729093686656
"Myagde","cdd",-0.0454545454545455,0.177916808541504
"Myagde","cwd",0.088562091503268,0.501772923702091
"Myagde","r99p",-3.95438760688855,0.0187949381239188
"Myagde","r95p",-5.87929686848713,0.0295262685483497
"Myagde","wsdi",-0.0817999330879893,0.0333473698481294
"Myagde","csdi",0,0.00141721106559277
"Myagde","sdii",-0.0225719980448719,0.0873252685547746
"Myagde","gsl",0,1
"Myagde","r10mm",0,0.912673887466571
"Myagde","r20mm",-0.0341905318527177,0.492230031992786
"Myagde","prcptot",-4.76891266237799,0.0909075786580637
"Narphu","ice_days",-0.306623931623932,0.00160909479866339
"Narphu","frost_days",-0.258939974457216,2.54440842597799e-07
"Narphu","cdd",0.0631648936170213,0.0939187366612722
"Narphu","cwd",0.177124183006536,0.0943951574628328
"Narphu","r99p",0,0.96955199598556
"Narphu","r95p",-0.209649813773682,0.685625541160608
"Narphu","wsdi",0,0.0161653532742504
"Narphu","csdi",-0.178174603174603,0.00028328062295199
"Narphu","sdii",-0.0034833191762918,0.501908758808362
"Narphu","gsl",0,0.612276110660543
"Narphu","r10mm",0,0.646824720004296
"Narphu","r20mm",0,0.715626708857001
"Narphu","prcptot",-0.193698063953492,0.815486141438656
"Nashong","ice_days",-0.292892156862745,0.00255674245950409
"Nashong","frost_days",-0.166666666666667,0.00070466465402082
"Nashong","cdd",0.0609152752009895,0.0383967996969645
"Nashong","cwd",0.2,0.00979693984475269
"Nashong","r99p",0,0.863621643477641
"Nashong","r95p",-0.384038910119048,0.713842859570993
"Nashong","wsdi",0,0.0101531494402682
"Nashong","csdi",-0.142857142857143,0.000115559858905162
"Nashong","sdii",-0.00497108774652776,0.328926207996016
"Nashong","gsl",0,0.228354852186729
"Nashong","r10mm",0,0.807811015992124
"Nashong","r20mm",-0.0299107142857143,0.313455630544846
"Nashong","prcptot",-0.341954041267504,0.74966845661945
"Neshyang","ice_days",-0.430194805194805,0.000132679354673484
"Neshyang","frost_days",-0.150757575757576,0.00130773418785886
"Neshyang","cdd",0.0740740740740741,0.0815506196098096
"Neshyang","cwd",-0.0274436090225564,0.822808026354279
"Neshyang","r99p",-0.216007172864583,0.548268787549037
"Neshyang","r95p",-0.856671915932377,0.514117281276334
"Neshyang","wsdi",0,0.00363568750032431
"Neshyang","csdi",-0.281650641025641,6.22769346237108e-06
"Neshyang","sdii",-0.00575514334294872,0.220982203537604
"Neshyang","gsl",0,8.28903921858396e-05
"Neshyang","r10mm",-0.0408333333333333,0.409434678464986
"Neshyang","r20mm",-0.0175492610837438,0.433154970427477
"Neshyang","prcptot",-0.957343410087723,0.399265579008909
"Nisikhola","ice_days",0,0.260527720536123
"Nisikhola","frost_days",-0.404255319148936,7.75645612718422e-05
"Nisikhola","cdd",0,0.734930569573044
"Nisikhola","cwd",-0.141196013289037,0.407135916018832
"Nisikhola","r99p",-0.179390332132868,0.845177668393195
"Nisikhola","r95p",0.500028654807692,0.778727375355601
"Nisikhola","wsdi",0,0.371328164347871
"Nisikhola","csdi",-0.131006864988558,0.000856115807902237
"Nisikhola","sdii",-0.00431860920977014,0.526478480271958
"Nisikhola","gsl",0.452762923351159,0.00753111932503956
"Nisikhola","r10mm",0,0.767543060143134
"Nisikhola","r20mm",0,0.664035036133518
"Nisikhola","prcptot",-1.06643471428571,0.538989724390206
"Painyu","ice_days",0,NA
"Painyu","frost_days",-0.0344827586206897,0.00143453925993135
"Painyu","cdd",0.0204166666666667,0.647051924227306
"Painyu","cwd",-0.111111111111111,0.40175831212944
"Painyu","r99p",-2.37976841482843,0.118092035014373
"Painyu","r95p",-3.41968785785714,0.193560553315373
"Painyu","wsdi",0,0.102120558257833
"Painyu","csdi",0,0.0114117217070016
"Painyu","sdii",-0.0300709109160757,0.0374209878089929
"Painyu","gsl",0,0.942774947402695
"Painyu","r10mm",-0.0695704779189353,0.260362987477343
"Painyu","r20mm",-0.0666666666666667,0.188012422707513
"Painyu","prcptot",-5.1139037764151,0.0653254599930746
"Palungtar","ice_days",0,NA
"Palungtar","frost_days",0,0.00915700971545414
"Palungtar","cdd",-0.032258064516129,0.522799900736111
"Palungtar","cwd",-0.0183625336927224,0.875065747284518
"Palungtar","r99p",-3.32866215045454,0.0249951421858773
"Palungtar","r95p",-3.55813399090909,0.108514166912088
"Palungtar","wsdi",-0.067816091954023,0.0616358444222578
"Palungtar","csdi",0,0.000114651481405425
"Palungtar","sdii",-0.025525984877369,0.0429708602346686
"Palungtar","gsl",0,1
"Palungtar","r10mm",-0.0652482269503546,0.398790995052056
"Palungtar","r20mm",-0.09375,0.0989922351006547
"Palungtar","prcptot",-4.90663614207188,0.0449690589950276
"Phalebas","ice_days",0,NA
"Phalebas","frost_days",-0.103448275862069,0.00227405359150753
"Phalebas","cdd",0,0.927763827206175
"Phalebas","cwd",-0.0833333333333333,0.54196498063482
"Phalebas","r99p",-1.85500312962963,0.133540974662648
"Phalebas","r95p",-3.74924656331269,0.104385022734163
"Phalebas","wsdi",-0.0542997542997543,0.0212076352076923
"Phalebas","csdi",0,0.0183565387801474
"Phalebas","sdii",-0.0251584720306122,0.052590162074338
"Phalebas","gsl",0,0.586929906794116
"Phalebas","r10mm",-0.055050505050505,0.36759468983803
"Phalebas","r20mm",-0.0388386123680241,0.406499680796246
"Phalebas","prcptot",-4.71021923913042,0.0891019215755117
"Phedikhola","ice_days",0,NA
"Phedikhola","frost_days",-0.0909090909090909,0.000398472921398723
"Phedikhola","cdd",-0.0521778584392014,0.0552990793286144
"Phedikhola","cwd",-0.0215677179962894,0.845130255768252
"Phedikhola","r99p",-4.0224947003125,0.0196181722009364
"Phedikhola","r95p",-6.50291995104167,0.0295262685483497
"Phedikhola","wsdi",-0.121830550401979,0.0128591431758751
"Phedikhola","csdi",0,0.0309321431080884
"Phedikhola","sdii",-0.0207114007697816,0.146359098957933
"Phedikhola","gsl",0,0.970048700014059
"Phedikhola","r10mm",0.0693664795509222,0.406990362195613
"Phedikhola","r20mm",0,0.954385050546623
"Phedikhola","prcptot",-4.5420503558201,0.224596592312027
"Pokhara.Lekhnath","ice_days",0,NA
"Pokhara.Lekhnath","frost_days",-0.142857142857143,0.00110912631791365
"Pokhara.Lekhnath","cdd",-0.037037037037037,0.108268127540954
"Pokhara.Lekhnath","cwd",0,0.954415045506815
"Pokhara.Lekhnath","r99p",-4.07092342711421,0.0103998314082369
"Pokhara.Lekhnath","r95p",-6.93474314827586,0.0281322484571673
"Pokhara.Lekhnath","wsdi",-0.0246951219512195,0.0502298993705455
"Pokhara.Lekhnath","csdi",0,0.0197583780933075
"Pokhara.Lekhnath","sdii",-0.0184135262095532,0.133579158455922
"Pokhara.Lekhnath","gsl",0,0.823535422195142
"Pokhara.Lekhnath","r10mm",0.0714285714285714,0.398937411959056
"Pokhara.Lekhnath","r20mm",0,0.939200786834854
"Pokhara.Lekhnath","prcptot",-4.12884792690678,0.26307652154395
"Putalibazar","ice_days",0,NA
"Putalibazar","frost_days",-0.0854103343465046,0.00301821915007968
"Putalibazar","cdd",-0.0568733153638814,0.027847352854447
"Putalibazar","cwd",0,0.939236609895129
"Putalibazar","r99p",-4.32239479869855,0.00565890484988108
"Putalibazar","r95p",-5.92855643792593,0.0317285447703559
"Putalibazar","wsdi",-0.101282051282051,0.0306683405862135
"Putalibazar","csdi",0,0.010743373856818
"Putalibazar","sdii",-0.0197990573076923,0.0821662598527348
"Putalibazar","gsl",0,0.970048700014059
"Putalibazar","r10mm",0,0.815316053948371
"Putalibazar","r20mm",-0.0446102819237148,0.439814422335951
"Putalibazar","prcptot",-5.2966448310606,0.0909075786580637
"Raghuganga","ice_days",-0.10960960960961,0.0462282593600313
"Raghuganga","frost_days",-0.318665377176016,0.00119563156890913
"Raghuganga","cdd",0.0347852389594676,0.332615653100559
"Raghuganga","cwd",0,0.897624411157024
"Raghuganga","r99p",-0.146122146428571,0.692424394274808
"Raghuganga","r95p",-1.13513672951531,0.388696900398264
"Raghuganga","wsdi",0,0.0352295996348228
"Raghuganga","csdi",-0.188679245283019,3.29543776061486e-05
"Raghuganga","sdii",-0.0104859830064935,0.0873252685547746
"Raghuganga","gsl",0.210526315789474,0.0585110412780011
"Raghuganga","r10mm",-0.102564102564103,0.152774837477379
"Raghuganga","r20mm",-0.0465116279069767,0.202343780148156
"Raghuganga","prcptot",-2.3412471462585,0.143730967135075
"Rainas","ice_days",0,NA
"Rainas","frost_days",-0.064866760168303,0.00830340419654061
"Rainas","cdd",0,0.62980136965734
"Rainas","cwd",-0.0666666666666667,0.420686567175831
"Rainas","r99p",-4.68265156917614,0.00539245919728166
"Rainas","r95p",-4.11354782282609,0.0667283013554522
"Rainas","wsdi",0,0.220040145540578
"Rainas","csdi",0,0.00227079141647607
"Rainas","sdii",-0.0300406431,0.0248929066754647
"Rainas","gsl",0,0.383650808235453
"Rainas","r10mm",-0.0198039215686275,0.674718544046227
"Rainas","r20mm",-0.101020408163265,0.1319038814125
"Rainas","prcptot",-6.32614017273954,0.0317285447703559
"Rhishing","ice_days",0,NA
"Rhishing","frost_days",0,0.307564941766882
"Rhishing","cdd",-0.0454545454545455,0.477322839735909
"Rhishing","cwd",-0.233718487394958,0.0680266116103254
"Rhishing","r99p",-1.74597447754032,0.180370564813807
"Rhishing","r95p",-3.82426997067308,0.0805025484088228
"Rhishing","wsdi",-0.110243055555556,0.032939751672204
"Rhishing","csdi",0,6.52923283194212e-05
"Rhishing","sdii",-0.0318837666333333,0.0209029229879075
"Rhishing","gsl",0,1
"Rhishing","r10mm",-0.0816326530612245,0.144527968696847
"Rhishing","r20mm",-0.0786893704850361,0.0640058057232062
"Rhishing","prcptot",-5.10221063973064,0.0242853102435797
"Rupa","ice_days",0,NA
"Rupa","frost_days",-0.051064754454585,0.000201804279250957
"Rupa","cdd",-0.0869565217391304,0.0149186960587324
"Rupa","cwd",0.172062904717854,0.201644355434122
"Rupa","r99p",-4.40528851585213,0.0181659933029181
"Rupa","r95p",-8.69692592191142,0.0127490959834475
"Rupa","wsdi",-0.0734501347708895,0.0284366921644557
"Rupa","csdi",0,0.0148548452090095
"Rupa","sdii",-0.0223763305869565,0.096501642511194
"Rupa","gsl",0,0.942774947402695
"Rupa","r10mm",0.103448275862069,0.208214752796253
"Rupa","r20mm",0,0.988587623050339
"Rupa","prcptot",-4.23956264999999,0.26307652154395
"Sahid.Lakhan","ice_days",0,NA
"Sahid.Lakhan","frost_days",0,0.23281855550596
"Sahid.Lakhan","cdd",-0.0641729581331503,0.292018507166038
"Sahid.Lakhan","cwd",-0.111111111111111,0.294538452173511
"Sahid.Lakhan","r99p",-2.27967735093583,0.0949301663923275
"Sahid.Lakhan","r95p",-2.87789831471292,0.193560553315373
"Sahid.Lakhan","wsdi",-0.136111111111111,0.0208318439523094
"Sahid.Lakhan","csdi",0,3.25688494924371e-05
"Sahid.Lakhan","sdii",-0.0282847551666667,0.0492010744270361
"Sahid.Lakhan","gsl",0,1
"Sahid.Lakhan","r10mm",-0.0761973875181422,0.268786416341542
"Sahid.Lakhan","r20mm",-0.05,0.227386618293544
"Sahid.Lakhan","prcptot",-3.03061912967914,0.160054187499226
"Shuklagandaki","ice_days",0,NA
"Shuklagandaki","frost_days",0,0.0208374965969468
"Shuklagandaki","cdd",-0.0526315789473684,0.0984933039824099
"Shuklagandaki","cwd",0.0666666666666667,0.580485604965098
"Shuklagandaki","r99p",-3.92493405614478,0.0161628895252141
"Shuklagandaki","r95p",-5.99438314120371,0.0198705821745036
"Shuklagandaki","wsdi",-0.0535714285714286,0.037541927947733
"Shuklagandaki","csdi",0,0.00289175548657023
"Shuklagandaki","sdii",-0.0216505395121056,0.133579158455922
"Shuklagandaki","gsl",0,0.942774947402695
"Shuklagandaki","r10mm",0.0377492877492877,0.6336216171086
"Shuklagandaki","r20mm",-0.0333333333333333,0.544755901563799
"Shuklagandaki","prcptot",-4.59449543406594,0.100381655630082
"Siranchok","ice_days",0,NA
"Siranchok","frost_days",-0.0714285714285714,0.00399356191927143
"Siranchok","cdd",0,0.639987661081342
"Siranchok","cwd",-0.0416666666666667,0.688986020518849
"Siranchok","r99p",-3.43237310197368,0.014615047189094
"Siranchok","r95p",-2.83361991195652,0.187113195495831
"Siranchok","wsdi",0,0.0657411731805472
"Siranchok","csdi",0,0.000274197996315049
"Siranchok","sdii",-0.0301010729206349,0.0120816161722607
"Siranchok","gsl",0,0.347456448038915
"Siranchok","r10mm",-0.121320437342304,0.139450870335856
"Siranchok","r20mm",-0.0990196078431373,0.0750910930008924
"Siranchok","prcptot",-5.38239511363636,0.0248929066754647
"Sulikot","ice_days",0,NA
"Sulikot","frost_days",-0.272727272727273,7.93569895849782e-05
"Sulikot","cdd",0.0336158192090395,0.398222197571583
"Sulikot","cwd",0.318813131313131,0.0254547018183195
"Sulikot","r99p",-3.35691107368659,0.00992776684807256
"Sulikot","r95p",-2.88391703330849,0.157240378457363
"Sulikot","wsdi",0,0.180893751672834
"Sulikot","csdi",0,0.000755547751138255
"Sulikot","sdii",-0.0177986660277778,0.0295262685483497
"Sulikot","gsl",0.440442427680091,0.00277235655132911
"Sulikot","r10mm",-0.119429590017825,0.0933150714959861
"Sulikot","r20mm",-0.105263157894737,0.0494758651841991
"Sulikot","prcptot",-4.53026560357143,0.0261476868497683
"Sundarbazar","ice_days",0,NA
"Sundarbazar","frost_days",-0.0416666666666667,0.00954105696656921
"Sundarbazar","cdd",-0.0215078630897317,0.54764694095131
"Sundarbazar","cwd",0,0.965803269165566
"Sundarbazar","r99p",-4.35120944254386,0.00616989932054416
"Sundarbazar","r95p",-5.58429524031531,0.0410482349771353
"Sundarbazar","wsdi",0,0.105035609291702
"Sundarbazar","csdi",0,0.000576761475212376
"Sundarbazar","sdii",-0.0277065568015521,0.0357120865416934
"Sundarbazar","gsl",0,0.942774947402695
"Sundarbazar","r10mm",0.0400641025641026,0.623476588738598
"Sundarbazar","r20mm",-0.0609152752009895,0.289648458807275
"Sundarbazar","prcptot",-5.74785696143617,0.078866303328916
"Taman.Khola","ice_days",0,0.69819254693234
"Taman.Khola","frost_days",-0.38047619047619,5.32763096724701e-05
"Taman.Khola","cdd",0.0312805474095797,0.434070387650685
"Taman.Khola","cwd",0.226110772976263,0.104251373795764
"Taman.Khola","r99p",-0.742328089834515,0.375708350630185
"Taman.Khola","r95p",0.350692812391114,0.882632853050659
"Taman.Khola","wsdi",0,0.549006339764996
"Taman.Khola","csdi",-0.0839201877934272,0.00607034964001076
"Taman.Khola","sdii",-0.00735653506838712,0.305881377007451
"Taman.Khola","gsl",0.315172413793103,0.033208490599969
"Taman.Khola","r10mm",-0.027027027027027,0.674823104631109
"Taman.Khola","r20mm",0,0.95433354203954
"Taman.Khola","prcptot",-1.458404666393,0.358027061193482
"Tara.Khola","ice_days",0,0.122980855422317
"Tara.Khola","frost_days",-0.361406619385343,0.000436697445706792
"Tara.Khola","cdd",0,0.642827801053691
"Tara.Khola","cwd",-0.036038961038961,0.80801501938189
"Tara.Khola","r99p",-0.102281918731708,0.867595642103621
"Tara.Khola","r95p",-1.71287786395089,0.333666846020134
"Tara.Khola","wsdi",0,0.215897911401638
"Tara.Khola","csdi",-0.0588235294117647,0.00289682592186613
"Tara.Khola","sdii",-0.00931304024391896,0.275459885158712
"Tara.Khola","gsl",0.184697855750487,0.062348214625793
"Tara.Khola","r10mm",0,0.920251752084241
"Tara.Khola","r20mm",-0.0526315789473684,0.227407779989183
"Tara.Khola","prcptot",-1.76360961700767,0.404614140407178
"Thasang","ice_days",-0.575757575757576,8.23376161477589e-06
"Thasang","frost_days",-0.184210526315789,0.00152313551253754
"Thasang","cdd",0.0476190476190476,0.244461331807715
"Thasang","cwd",0.0789473684210526,0.460212337188459
"Thasang","r99p",-0.63321657936508,0.285836326924799
"Thasang","r95p",-1.00610337970588,0.343279649132888
"Thasang","wsdi",0,0.000641287198009408
"Thasang","csdi",-0.25,8.40490379271483e-07
"Thasang","sdii",-0.00968309688235307,0.0420002383308025
"Thasang","gsl",0.15655637254902,0.0262561915055919
"Thasang","r10mm",-0.0952380952380952,0.117794238404547
"Thasang","r20mm",0,0.744932038081838
"Thasang","prcptot",-1.72437011904762,0.128715830237111
"Waling","ice_days",0,NA
"Waling","frost_days",0,0.00162062607549212
"Waling","cdd",0,0.905107616124421
"Waling","cwd",-0.0856566397652238,0.454485289515156
"Waling","r99p",-2.33539249166667,0.13676151431832
"Waling","r95p",-3.7676001301282,0.162905901186667
"Waling","wsdi",-0.0408163265306122,0.0657710646593821
"Waling","csdi",0,0.00966958683194204
"Waling","sdii",-0.0325490064042553,0.0357120865416934
"Waling","gsl",0,0.942774947402695
"Waling","r10mm",-0.0909090909090909,0.201371314302667
"Waling","r20mm",-0.0909090909090909,0.0691169004166537
"Waling","prcptot",-5.12059277857144,0.0696084280989551
